Company Name,Industry,Symbol,Series,ISIN Code,Bloomberg Code
360 ONE WAM Ltd.,Financial Services,360ONE,EQ,INE466L01038,360ONE IS Equity
3M India Ltd.,Diversified,3MINDIA,EQ,INE470A01017,3M IS Equity
ABB India Ltd.,Capital Goods,ABB,EQ,INE117A01022,ABB IS Equity
ACC Ltd.,Construction Materials,ACC,EQ,INE012A01025,ACC IS Equity
ACME Solar Holdings Ltd.,Power,ACMESOLAR,EQ,INE622W01025,ACMESOLA IS Equity
AIA Engineering Ltd.,Capital Goods,AIAENG,EQ,INE212H01026,AIAE IS Equity
APL Apollo Tubes Ltd.,Capital Goods,APLAPOLLO,EQ,INE702C01027,APAT IS Equity
AU Small Finance Bank Ltd.,Financial Services,AUBANK,EQ,INE949L01017,AUBANK IS Equity
AWL Agri Business Ltd.,Fast Moving Consumer Goods,AWL,EQ,INE699H01024,AWL IS Equity
Aadhar Housing Finance Ltd.,Financial Services,AADHARHFC,EQ,INE883F01010,AADHARHF IS Equity
Aarti Industries Ltd.,Chemicals,AARTIIND,EQ,INE769A01020,ARTO IS Equity
Aavas Financiers Ltd.,Financial Services,AAVAS,EQ,INE216P01012,AAVAS IS Equity
Abbott India Ltd.,Healthcare,ABBOTINDIA,EQ,INE358A01014,BOOT IS Equity
Action Construction Equipment Ltd.,Capital Goods,ACE,EQ,INE731H01025,ACCE IS Equity
Adani Energy Solutions Ltd.,Power,ADANIENSOL,EQ,INE931S01010,ADANIENS IS Equity
Adani Enterprises Ltd.,Metals & Mining,ADANIENT,EQ,INE423A01024,ADE IS Equity
Adani Green Energy Ltd.,Power,ADANIGREEN,EQ,INE364U01010,ADANIGR IS Equity
Adani Ports and Special Economic Zone Ltd.,Services,ADANIPORTS,EQ,INE742F01042,ADSEZ IS Equity
Adani Power Ltd.,Power,ADANIPOWER,EQ,INE814H01029,ADANI IS Equity
Adani Total Gas Ltd.,Oil Gas & Consumable Fuels,ATGL,EQ,INE399L01023,ATGL IS Equity
Aditya Birla Capital Ltd.,Financial Services,ABCAPITAL,EQ,INE674K01013,ABCAP IS Equity
Aditya Birla Fashion and Retail Ltd.,Consumer Services,ABFRL,EQ,INE647O01011,ABFRL IS Equity
Aditya Birla Lifestyle Brands Ltd.,Consumer Services,ABLBL,EQ,INE14LE01019,ABLBL IS Equity
Aditya Birla Real Estate Ltd.,Forest Materials,ABREL,EQ,INE055A01016,ABREL IS Equity
Aditya Birla Sun Life AMC Ltd.,Financial Services,ABSLAMC,EQ,INE404A01024,ABSLAMC IS Equity
Aegis Logistics Ltd.,Oil Gas & Consumable Fuels,AEGISLOG,EQ,INE208C01025,AEGISLOG IS Equity
Aegis Vopak Terminals Ltd.,Oil Gas & Consumable Fuels,AEGISVOPAK,EQ,INE0INX01018,AEGISVOP IS Equity
Afcons Infrastructure Ltd.,Construction,AFCONS,EQ,INE101I01011,AFCONS IS Equity
Affle 3i Ltd.,Information Technology,AFFLE,EQ,INE00WC01027,AFFLE IS Equity
Ajanta Pharmaceuticals Ltd.,Healthcare,AJANTPHARM,EQ,INE031B01049,AJP IS Equity
Akums Drugs and Pharmaceuticals Ltd.,Healthcare,AKUMS,EQ,INE09XN01023,AKUMS IS Equity
Akzo Nobel India Ltd.,Consumer Durables,AKZOINDIA,EQ,INE133A01011,AKZO IS Equity
Alembic Pharmaceuticals Ltd.,Healthcare,APLLTD,EQ,INE901L01018,ALPM IS Equity
Alkem Laboratories Ltd.,Healthcare,ALKEM,EQ,INE540L01014,ALKEM IS Equity
Alkyl Amines Chemicals Ltd.,Chemicals,ALKYLAMINE,EQ,INE150B01039,AACL IS Equity
Alok Industries Ltd.,Textiles,ALOKINDS,EQ,INE270A01029,ALOK IS Equity
Amara Raja Energy & Mobility Ltd.,Automobile and Auto Components,ARE&M,EQ,INE885A01032,ARENM IS Equity
Amber Enterprises India Ltd.,Consumer Durables,AMBER,EQ,INE371P01015,AMBER IS Equity
Ambuja Cements Ltd.,Construction Materials,AMBUJACEM,EQ,INE079A01024,ACEM IS Equity
Anand Rathi Wealth Ltd.,Financial Services,ANANDRATHI,EQ,INE463V01026,ANANDRAT IS Equity
Anant Raj Ltd.,Realty,ANANTRAJ,EQ,INE242C01024,ARCP IS Equity
Angel One Ltd.,Financial Services,ANGELONE,EQ,INE732I01013,ANGELONE IS Equity
Apar Industries Ltd.,Capital Goods,APARINDS,EQ,INE372A01015,APR IS Equity
Apollo Hospitals Enterprise Ltd.,Healthcare,APOLLOHOSP,EQ,INE437A01024,APHS IS Equity
Apollo Tyres Ltd.,Automobile and Auto Components,APOLLOTYRE,EQ,INE438A01022,APTY IS Equity
Aptus Value Housing Finance India Ltd.,Financial Services,APTUS,EQ,INE852O01025,APTUS IS Equity
Asahi India Glass Ltd.,Automobile and Auto Components,ASAHIINDIA,EQ,INE439A01020,AISG IS Equity
Ashok Leyland Ltd.,Capital Goods,ASHOKLEY,EQ,INE208A01029,AL IS Equity
Asian Paints Ltd.,Consumer Durables,ASIANPAINT,EQ,INE021A01026,APNT IS Equity
Aster DM Healthcare Ltd.,Healthcare,ASTERDM,EQ,INE914M01019,ASTERDM IS Equity
AstraZenca Pharma India Ltd.,Healthcare,ASTRAZEN,EQ,INE203A01020,ASTR IS Equity
Astral Ltd.,Capital Goods,ASTRAL,EQ,INE006I01046,ASTRA IS Equity
Ather Energy Ltd.,Automobile and Auto Components,ATHERENERG,EQ,INE0LEZ01016,ATHERENE IS Equity
Atul Ltd.,Chemicals,ATUL,EQ,INE100A01010,ATLP IS Equity
Aurobindo Pharma Ltd.,Healthcare,AUROPHARMA,EQ,INE406A01037,ARBP IS Equity
Authum Investment & Infrastructure Ltd.,Financial Services,AIIL,EQ,INE206F01022,AIIL IS Equity
Avenue Supermarts Ltd.,Consumer Services,DMART,EQ,INE192R01011,DMART IS Equity
Axis Bank Ltd.,Financial Services,AXISBANK,EQ,INE238A01034,AXSB IS Equity
BASF India Ltd.,Chemicals,BASF,EQ,INE373A01013,BASF IS Equity
BEML Ltd.,Capital Goods,BEML,EQ,INE258A01016,BEML IS Equity
BLS International Services Ltd.,Consumer Services,BLS,EQ,INE153T01027,BLSIN IS Equity
BSE Ltd.,Financial Services,BSE,EQ,INE118H01025,BSE IS Equity
Bajaj Auto Ltd.,Automobile and Auto Components,BAJAJ-AUTO,EQ,INE917I01010,BJAUT IS Equity
Bajaj Finance Ltd.,Financial Services,BAJFINANCE,EQ,INE296A01032,BAF IS Equity
Bajaj Finserv Ltd.,Financial Services,BAJAJFINSV,EQ,INE918I01026,BJFIN IS Equity
Bajaj Holdings & Investment Ltd.,Financial Services,BAJAJHLDNG,EQ,INE118A01012,BJHI IS Equity
Bajaj Housing Finance Ltd.,Financial Services,BAJAJHFL,EQ,INE377Y01014,BAJAJHFL IS Equity
Balkrishna Industries Ltd.,Automobile and Auto Components,BALKRISIND,EQ,INE787D01026,BIL IS Equity
Balrampur Chini Mills Ltd.,Fast Moving Consumer Goods,BALRAMCHIN,EQ,INE119A01028,BRCM IS Equity
Bandhan Bank Ltd.,Financial Services,BANDHANBNK,EQ,INE545U01014,BANDHAN IS Equity
Bank of Baroda,Financial Services,BANKBARODA,EQ,INE028A01039,BOB IS Equity
Bank of India,Financial Services,BANKINDIA,EQ,INE084A01016,BOI IS Equity
Bank of Maharashtra,Financial Services,MAHABANK,EQ,INE457A01014,BOMH IS Equity
Bata India Ltd.,Consumer Durables,BATAINDIA,EQ,INE176A01028,BATA IS Equity
Bayer Cropscience Ltd.,Chemicals,BAYERCROP,EQ,INE462A01022,BYRCS IS Equity
Berger Paints India Ltd.,Consumer Durables,BERGEPAINT,EQ,INE463A01038,BRGR IS Equity
Bharat Dynamics Ltd.,Capital Goods,BDL,EQ,INE171Z01026,BDL IS Equity
Bharat Electronics Ltd.,Capital Goods,BEL,EQ,INE263A01024,BHE IS Equity
Bharat Forge Ltd.,Automobile and Auto Components,BHARATFORG,EQ,INE465A01025,BHFC IS Equity
Bharat Heavy Electricals Ltd.,Capital Goods,BHEL,EQ,INE257A01026,BHEL IS Equity
Bharat Petroleum Corporation Ltd.,Oil Gas & Consumable Fuels,BPCL,EQ,INE029A01011,BPCL IS Equity
Bharti Airtel Ltd.,Telecommunication,BHARTIARTL,EQ,INE397D01024,BHARTI IS Equity
Bharti Hexacom Ltd.,Telecommunication,BHARTIHEXA,EQ,INE343G01021,BHARTIHE IS Equity
Bikaji Foods International Ltd.,Fast Moving Consumer Goods,BIKAJI,EQ,INE00E101023,BIKAJI IS Equity
Biocon Ltd.,Healthcare,BIOCON,EQ,INE376G01013,BIOS IS Equity
Birlasoft Ltd.,Information Technology,BSOFT,EQ,INE836A01035,BSOFT IS Equity
Blue Dart Express Ltd.,Services,BLUEDART,EQ,INE233B01017,BDE IS Equity
Blue Jet Healthcare Ltd.,Healthcare,BLUEJET,EQ,INE0KBH01020,BLUEJET IS Equity
Blue Star Ltd.,Consumer Durables,BLUESTARCO,EQ,INE472A01039,BLSTR IS Equity
Bombay Burmah Trading Corporation Ltd.,Fast Moving Consumer Goods,BBTC,EQ,INE050A01025,BBTC IS Equity
Bosch Ltd.,Automobile and Auto Components,BOSCHLTD,EQ,INE323A01026,BOS IS Equity
Brainbees Solutions Ltd.,Consumer Services,FIRSTCRY,EQ,INE02RE01045,FIRSTCRY IS Equity
Brigade Enterprises Ltd.,Realty,BRIGADE,EQ,INE791I01019,BRGD IS Equity
Britannia Industries Ltd.,Fast Moving Consumer Goods,BRITANNIA,EQ,INE216A01030,BRIT IS Equity
C.E. Info Systems Ltd.,Information Technology,MAPMYINDIA,EQ,INE0BV301023,MAPMYIND IS Equity
CCL Products (I) Ltd.,Fast Moving Consumer Goods,CCL,EQ,INE421D01022,CCLP IS Equity
CESC Ltd.,Power,CESC,EQ,INE486A01021,CESC IS Equity
CG Power and Industrial Solutions Ltd.,Capital Goods,CGPOWER,EQ,INE067A01029,CGPOWER IS Equity
CRISIL Ltd.,Financial Services,CRISIL,EQ,INE007A01025,CRISIL IS Equity
Campus Activewear Ltd.,Consumer Durables,CAMPUS,EQ,INE278Y01022,CAMPUS IS Equity
Can Fin Homes Ltd.,Financial Services,CANFINHOME,EQ,INE477A01020,CANF IS Equity
Canara Bank,Financial Services,CANBK,EQ,INE476A01022,CBK IS Equity
Caplin Point Laboratories Ltd.,Healthcare,CAPLIPOINT,EQ,INE475E01026,CLPL IS Equity
Capri Global Capital Ltd.,Financial Services,CGCL,EQ,INE180C01042,CGCL IS Equity
Carborundum Universal Ltd.,Capital Goods,CARBORUNIV,EQ,INE120A01034,CU IS Equity
Castrol India Ltd.,Oil Gas & Consumable Fuels,CASTROLIND,EQ,INE172A01027,CSTRL IS Equity
Ceat Ltd.,Automobile and Auto Components,CEATLTD,EQ,INE482A01020,CEAT IS Equity
Central Bank of India,Financial Services,CENTRALBK,EQ,INE483A01010,CBOI IS Equity
Central Depository Services (India) Ltd.,Financial Services,CDSL,EQ,INE736A01011,CDSL IS Equity
Century Plyboards (India) Ltd.,Consumer Durables,CENTURYPLY,EQ,INE348B01021,CPBI IS Equity
Cera Sanitaryware Ltd,Consumer Durables,CERA,EQ,INE739E01017,CRS IS Equity
Chalet Hotels Ltd.,Consumer Services,CHALET,EQ,INE427F01016,CHALET IS Equity
Chambal Fertilizers & Chemicals Ltd.,Chemicals,CHAMBLFERT,EQ,INE085A01013,CHMB IS Equity
Chennai Petroleum Corporation Ltd.,Oil Gas & Consumable Fuels,CHENNPETRO,EQ,INE178A01016,MRL IS Equity
Choice International Ltd.,Financial Services,CHOICEIN,EQ,INE102B01014,CFIS IS Equity
Cholamandalam Financial Holdings Ltd.,Financial Services,CHOLAHLDNG,EQ,INE149A01033,CHOLAHLD IS Equity
Cholamandalam Investment and Finance Company Ltd.,Financial Services,CHOLAFIN,EQ,INE121A01024,CIFC IS Equity
Cipla Ltd.,Healthcare,CIPLA,EQ,INE059A01026,CIPLA IS Equity
City Union Bank Ltd.,Financial Services,CUB,EQ,INE491A01021,CUBK IS Equity
Clean Science and Technology Ltd.,Chemicals,CLEAN,EQ,INE227W01023,CLEAN IS Equity
Coal India Ltd.,Oil Gas & Consumable Fuels,COALINDIA,EQ,INE522F01014,COAL IS Equity
Cochin Shipyard Ltd.,Capital Goods,COCHINSHIP,EQ,INE704P01025,COCHIN IS Equity
Coforge Ltd.,Information Technology,COFORGE,EQ,INE591G01025,COFORGE IS Equity
Cohance Lifesciences Ltd.,Healthcare,COHANCE,EQ,INE03QK01018,COHANCE IS Equity
Colgate Palmolive (India) Ltd.,Fast Moving Consumer Goods,COLPAL,EQ,INE259A01022,CLGT IS Equity
Computer Age Management Services Ltd.,Financial Services,CAMS,EQ,INE596I01012,CAMS IS Equity
Concord Biotech Ltd.,Healthcare,CONCORDBIO,EQ,INE338H01029,CONCORDB IS Equity
Container Corporation of India Ltd.,Services,CONCOR,EQ,INE111A01025,CCRI IS Equity
Coromandel International Ltd.,Chemicals,COROMANDEL,EQ,INE169A01031,CRIN IS Equity
Craftsman Automation Ltd.,Automobile and Auto Components,CRAFTSMAN,EQ,INE00LO01017,CRAFTSMA IS Equity
CreditAccess Grameen Ltd.,Financial Services,CREDITACC,EQ,INE741K01010,CREDAG IS Equity
Crompton Greaves Consumer Electricals Ltd.,Consumer Durables,CROMPTON,EQ,INE299U01018,CROMPTON IS Equity
Cummins India Ltd.,Capital Goods,CUMMINSIND,EQ,INE298A01020,KKC IS Equity
Cyient Ltd.,Information Technology,CYIENT,EQ,INE136B01020,CYL IS Equity
DCM Shriram Ltd.,Diversified,DCMSHRIRAM,EQ,INE499A01024,DCMS IS Equity
DLF Ltd.,Realty,DLF,EQ,INE271C01023,DLFU IS Equity
DOMS Industries Ltd.,Fast Moving Consumer Goods,DOMS,EQ,INE321T01012,DOMS IS Equity
Dabur India Ltd.,Fast Moving Consumer Goods,DABUR,EQ,INE016A01026,DABUR IS Equity
Dalmia Bharat Ltd.,Construction Materials,DALBHARAT,EQ,INE00R701025,DALBHARA IS Equity
Data Patterns (India) Ltd.,Capital Goods,DATAPATTNS,EQ,INE0IX101010,DATAPATT IS Equity
Deepak Fertilisers & Petrochemicals Corp. Ltd.,Chemicals,DEEPAKFERT,EQ,INE501A01019,DFPC IS Equity
Deepak Nitrite Ltd.,Chemicals,DEEPAKNTR,EQ,INE288B01029,DN IS Equity
Delhivery Ltd.,Services,DELHIVERY,EQ,INE148O01028,DELHIVER IS Equity
Devyani International Ltd.,Consumer Services,DEVYANI,EQ,INE872J01023,DEVYANI IS Equity
Divi's Laboratories Ltd.,Healthcare,DIVISLAB,EQ,INE361B01024,DIVI IS Equity
Dixon Technologies (India) Ltd.,Consumer Durables,DIXON,EQ,INE935N01020,DIXON IS Equity
Dr. Agarwal's Health Care Ltd.,Healthcare,AGARWALEYE,EQ,INE943P01029,AGARWALE IS Equity
Dr. Lal Path Labs Ltd.,Healthcare,LALPATHLAB,EQ,INE600L01024,DLPL IS Equity
Dr. Reddy's Laboratories Ltd.,Healthcare,DRREDDY,EQ,INE089A01031,DRRD IS Equity
Dummy Valor Estate Ltd.,Consumer Services,DUMMYDBRLT,BE,DUM879I01012,#N/A
E.I.D. Parry (India) Ltd.,Fast Moving Consumer Goods,EIDPARRY,EQ,INE126A01031,EID IS Equity
EIH Ltd.,Consumer Services,EIHOTEL,EQ,INE230A01023,EIH IS Equity
Eicher Motors Ltd.,Automobile and Auto Components,EICHERMOT,EQ,INE066A01021,EIM IS Equity
Elecon Engineering Co. Ltd.,Capital Goods,ELECON,EQ,INE205B01031,ELCN IS Equity
Elgi Equipments Ltd.,Capital Goods,ELGIEQUIP,EQ,INE285A01027,ELEQ IS Equity
Emami Ltd.,Fast Moving Consumer Goods,EMAMILTD,EQ,INE548C01032,HMN IS Equity
Emcure Pharmaceuticals Ltd.,Healthcare,EMCURE,EQ,INE168P01015,EMCURE IS Equity
Endurance Technologies Ltd.,Automobile and Auto Components,ENDURANCE,EQ,INE913H01037,ENDU IS Equity
Engineers India Ltd.,Construction,ENGINERSIN,EQ,INE510A01028,ENGR IS Equity
Eris Lifesciences Ltd.,Healthcare,ERIS,EQ,INE406M01024,ERIS IS Equity
Escorts Kubota Ltd.,Capital Goods,ESCORTS,EQ,INE042A01014,ESCORTS IS Equity
Eternal Ltd.,Consumer Services,ETERNAL,EQ,INE758T01015,ETERNAL IS Equity
Exide Industries Ltd.,Automobile and Auto Components,EXIDEIND,EQ,INE302A01020,EXID IS Equity
FSN E-Commerce Ventures Ltd.,Consumer Services,NYKAA,EQ,INE388Y01029,NYKAA IS Equity
Federal Bank Ltd.,Financial Services,FEDERALBNK,EQ,INE171A01029,FB IS Equity
Fertilisers and Chemicals Travancore Ltd.,Chemicals,FACT,EQ,INE188A01015,FCT IS Equity
Finolex Cables Ltd.,Capital Goods,FINCABLES,EQ,INE235A01022,FNXC IS Equity
Finolex Industries Ltd.,Capital Goods,FINPIPE,EQ,INE183A01024,FNXP IS Equity
Firstsource Solutions Ltd.,Services,FSL,EQ,INE684F01012,FSOL IS Equity
Five-Star Business Finance Ltd.,Financial Services,FIVESTAR,EQ,INE128S01021,FIVESTAR IS Equity
Force Motors Ltd.,Automobile and Auto Components,FORCEMOT,EQ,INE451A01017,FML IS Equity
Fortis Healthcare Ltd.,Healthcare,FORTIS,EQ,INE061F01013,FORH IS Equity
GAIL (India) Ltd.,Oil Gas & Consumable Fuels,GAIL,EQ,INE129A01019,GAIL IS Equity
GE Vernova T&D India Ltd.,Capital Goods,GVT&D,EQ,INE200A01026,GVTD IS Equity
GMR Airports Ltd.,Services,GMRAIRPORT,EQ,INE776C01039,GMRAIRPO IS Equity
Garden Reach Shipbuilders & Engineers Ltd.,Capital Goods,GRSE,EQ,INE382Z01011,GRSE IS Equity
General Insurance Corporation of India,Financial Services,GICRE,EQ,INE481Y01014,GICRE IS Equity
Gillette India Ltd.,Fast Moving Consumer Goods,GILLETTE,EQ,INE322A01010,GILL IS Equity
Gland Pharma Ltd.,Healthcare,GLAND,EQ,INE068V01023,GLAND IS Equity
Glaxosmithkline Pharmaceuticals Ltd.,Healthcare,GLAXO,EQ,INE159A01016,GLXO IS Equity
Glenmark Pharmaceuticals Ltd.,Healthcare,GLENMARK,EQ,INE935A01035,GNP IS Equity
Global Health Ltd.,Healthcare,MEDANTA,EQ,INE474Q01031,MEDANTA IS Equity
Go Digit General Insurance Ltd.,Financial Services,GODIGIT,EQ,INE03JT01014,GODIGIT IS Equity
Godawari Power & Ispat Ltd.,Capital Goods,GPIL,EQ,INE177H01039,GODPI IS Equity
Godfrey Phillips India Ltd.,Fast Moving Consumer Goods,GODFRYPHLP,EQ,INE260B01028,GP IS Equity
Godrej Agrovet Ltd.,Fast Moving Consumer Goods,GODREJAGRO,EQ,INE850D01014,GOAGRO IS Equity
Godrej Consumer Products Ltd.,Fast Moving Consumer Goods,GODREJCP,EQ,INE102D01028,GCPL IS Equity
Godrej Industries Ltd.,Diversified,GODREJIND,EQ,INE233A01035,GDSP IS Equity
Godrej Properties Ltd.,Realty,GODREJPROP,EQ,INE484J01027,GPL IS Equity
Granules India Ltd.,Healthcare,GRANULES,EQ,INE101D01020,GRAN IS Equity
Graphite India Ltd.,Capital Goods,GRAPHITE,EQ,INE371A01025,GRIL IS Equity
Grasim Industries Ltd.,Construction Materials,GRASIM,EQ,INE047A01021,GRASIM IS Equity
Gravita India Ltd.,Metals & Mining,GRAVITA,EQ,INE024L01027,GRAV IS Equity
Great Eastern Shipping Co. Ltd.,Services,GESHIP,EQ,INE017A01032,GESCO IS Equity
Gujarat Fluorochemicals Ltd.,Chemicals,FLUOROCHEM,EQ,INE09N301011,FLUOROCH IS Equity
Gujarat Gas Ltd.,Oil Gas & Consumable Fuels,GUJGASLTD,EQ,INE844O01030,GUJGA IS Equity
Gujarat Mineral Development Corporation Ltd.,Metals & Mining,GMDCLTD,EQ,INE131A01031,GMDC IS Equity
Gujarat State Petronet Ltd.,Oil Gas & Consumable Fuels,GSPL,EQ,INE246F01010,GUJS IS Equity
H.E.G. Ltd.,Capital Goods,HEG,EQ,INE545A01024,HEG IS Equity
HBL Engineering Ltd.,Capital Goods,HBLENGINE,EQ,INE292B01021,HBLENGIN IS Equity
HCL Technologies Ltd.,Information Technology,HCLTECH,EQ,INE860A01027,HCLT IS Equity
HDFC Asset Management Company Ltd.,Financial Services,HDFCAMC,EQ,INE127D01025,HDFCAMC IS Equity
HDFC Bank Ltd.,Financial Services,HDFCBANK,EQ,INE040A01034,HDFCB IS Equity
HDFC Life Insurance Company Ltd.,Financial Services,HDFCLIFE,EQ,INE795G01014,HDFCLIFE IS Equity
HFCL Ltd.,Telecommunication,HFCL,EQ,INE548A01028,HMFC IS Equity
Happiest Minds Technologies Ltd.,Information Technology,HAPPSTMNDS,EQ,INE419U01012,HAPPSTMN IS Equity
Havells India Ltd.,Consumer Durables,HAVELLS,EQ,INE176B01034,HAVL IS Equity
Hero MotoCorp Ltd.,Automobile and Auto Components,HEROMOTOCO,EQ,INE158A01026,HMCL IS Equity
Hexaware Technologies Ltd.,Information Technology,HEXT,EQ,INE093A01041,HEXT IS Equity
Himadri Speciality Chemical Ltd.,Chemicals,HSCL,EQ,INE019C01026,HSCH IS Equity
Hindalco Industries Ltd.,Metals & Mining,HINDALCO,EQ,INE038A01020,HNDL IS Equity
Hindustan Aeronautics Ltd.,Capital Goods,HAL,EQ,INE066F01020,HNAL IS Equity
Hindustan Copper Ltd.,Metals & Mining,HINDCOPPER,EQ,INE531E01026,HCP IS Equity
Hindustan Petroleum Corporation Ltd.,Oil Gas & Consumable Fuels,HINDPETRO,EQ,INE094A01015,HPCL IS Equity
Hindustan Unilever Ltd.,Fast Moving Consumer Goods,HINDUNILVR,EQ,INE030A01027,HUVR IS Equity
Hindustan Zinc Ltd.,Metals & Mining,HINDZINC,EQ,INE267A01025,HZ IS Equity
Hitachi Energy India Ltd.,Capital Goods,POWERINDIA,EQ,INE07Y701011,POWERIND IS Equity
Home First Finance Company India Ltd.,Financial Services,HOMEFIRST,EQ,INE481N01025,HOMEFIRS IS Equity
Honasa Consumer Ltd.,Fast Moving Consumer Goods,HONASA,EQ,INE0J5401028,HONASA IS Equity
Honeywell Automation India Ltd.,Capital Goods,HONAUT,EQ,INE671A01010,HWA IS Equity
Housing & Urban Development Corporation Ltd.,Financial Services,HUDCO,EQ,INE031A01017,HUDCO IS Equity
Hyundai Motor India Ltd.,Automobile and Auto Components,HYUNDAI,EQ,INE0V6F01027,HYUNDAI IS Equity
ICICI Bank Ltd.,Financial Services,ICICIBANK,EQ,INE090A01021,ICICIBC IS Equity
ICICI Lombard General Insurance Company Ltd.,Financial Services,ICICIGI,EQ,INE765G01017,ICICIGI IS Equity
ICICI Prudential Life Insurance Company Ltd.,Financial Services,ICICIPRULI,EQ,INE726G01019,IPRU IS Equity
IDBI Bank Ltd.,Financial Services,IDBI,EQ,INE008A01015,IDBI IS Equity
IDFC First Bank Ltd.,Financial Services,IDFCFIRSTB,EQ,INE092T01019,IDFCFB IS Equity
IFCI Ltd.,Financial Services,IFCI,EQ,INE039A01010,IFCI IS Equity
IIFL Finance Ltd.,Financial Services,IIFL,EQ,INE530B01024,IIFL IS Equity
INOX India Ltd.,Capital Goods,INOXINDIA,EQ,INE616N01034,INOXINDI IS Equity
IRB Infrastructure Developers Ltd.,Construction,IRB,EQ,INE821I01022,IRB IS Equity
IRCON International Ltd.,Construction,IRCON,EQ,INE962Y01021,IRCON IS Equity
ITC Hotels Ltd.,Consumer Services,ITCHOTELS,EQ,INE379A01028,ITCHOTEL IS Equity
ITC Ltd.,Fast Moving Consumer Goods,ITC,EQ,INE154A01025,ITC IS Equity
ITI Ltd.,Telecommunication,ITI,EQ,INE248A01017,ITI IS Equity
Indegene Ltd.,Healthcare,INDGN,EQ,INE065X01017,INDGN IS Equity
India Cements Ltd.,Construction Materials,INDIACEM,EQ,INE383A01012,ICEM IS Equity
Indiamart Intermesh Ltd.,Consumer Services,INDIAMART,EQ,INE933S01016,INMART IS Equity
Indian Bank,Financial Services,INDIANB,EQ,INE562A01011,INBK IS Equity
Indian Energy Exchange Ltd.,Financial Services,IEX,EQ,INE022Q01020,IEX IS Equity
Indian Hotels Co. Ltd.,Consumer Services,INDHOTEL,EQ,INE053A01029,IH IS Equity
Indian Oil Corporation Ltd.,Oil Gas & Consumable Fuels,IOC,EQ,INE242A01010,IOCL IS Equity
Indian Overseas Bank,Financial Services,IOB,EQ,INE565A01014,IOB IS Equity
Indian Railway Catering And Tourism Corporation Ltd.,Consumer Services,IRCTC,EQ,INE335Y01020,IRCTC IS Equity
Indian Railway Finance Corporation Ltd.,Financial Services,IRFC,EQ,INE053F01010,IRFC IS Equity
Indian Renewable Energy Development Agency Ltd.,Financial Services,IREDA,EQ,INE202E01016,IREDA IS Equity
Indraprastha Gas Ltd.,Oil Gas & Consumable Fuels,IGL,EQ,INE203G01027,IGL IS Equity
Indus Towers Ltd.,Telecommunication,INDUSTOWER,EQ,INE121J01017,INDUSTOW IS Equity
IndusInd Bank Ltd.,Financial Services,INDUSINDBK,EQ,INE095A01012,IIB IS Equity
Info Edge (India) Ltd.,Consumer Services,NAUKRI,EQ,INE663F01032,INFOE IS Equity
Infosys Ltd.,Information Technology,INFY,EQ,INE009A01021,INFO IS Equity
Inox Wind Ltd.,Capital Goods,INOXWIND,EQ,INE066P01011,INXW IS Equity
Intellect Design Arena Ltd.,Information Technology,INTELLECT,EQ,INE306R01017,INDA IS Equity
InterGlobe Aviation Ltd.,Services,INDIGO,EQ,INE646L01027,INDIGO IS Equity
International Gemmological Institute (India) Ltd.,Services,IGIL,EQ,INE0Q9301021,IGIL IS Equity
Inventurus Knowledge Solutions Ltd.,Information Technology,IKS,EQ,INE115Q01022,IKS IS Equity
Ipca Laboratories Ltd.,Healthcare,IPCALAB,EQ,INE571A01038,IPCA IS Equity
J.B. Chemicals & Pharmaceuticals Ltd.,Healthcare,JBCHEPHARM,EQ,INE572A01036,JBCP IS Equity
J.K. Cement Ltd.,Construction Materials,JKCEMENT,EQ,INE823G01014,JKCE IS Equity
JBM Auto Ltd.,Automobile and Auto Components,JBMA,EQ,INE927D01051,JBMA IS Equity
JK Tyre & Industries Ltd.,Automobile and Auto Components,JKTYRE,EQ,INE573A01042,JKI IS Equity
JM Financial Ltd.,Financial Services,JMFINANCIL,EQ,INE780C01023,JM IS Equity
JSW Energy Ltd.,Power,JSWENERGY,EQ,INE121E01018,JSW IS Equity
JSW Infrastructure Ltd.,Services,JSWINFRA,EQ,INE880J01026,JSWINFRA IS Equity
JSW Steel Ltd.,Metals & Mining,JSWSTEEL,EQ,INE019A01038,JSTL IS Equity
Jaiprakash Power Ventures Ltd.,Power,JPPOWER,EQ,INE351F01018,JPVL IS Equity
Jammu & Kashmir Bank Ltd.,Financial Services,J&KBANK,EQ,INE168A01041,JKBK IS Equity
Jindal Saw Ltd.,Capital Goods,JINDALSAW,EQ,INE324A01032,JSAW IS Equity
Jindal Stainless Ltd.,Metals & Mining,JSL,EQ,INE220G01021,JDSL IS Equity
Jindal Steel Ltd.,Metals & Mining,JINDALSTEL,EQ,INE749A01030,JINDALST IS Equity
Jio Financial Services Ltd.,Financial Services,JIOFIN,EQ,INE758E01017,JIOFIN IS Equity
Jubilant Foodworks Ltd.,Consumer Services,JUBLFOOD,EQ,INE797F01020,JUBI IS Equity
Jubilant Ingrevia Ltd.,Chemicals,JUBLINGREA,EQ,INE0BY001018,JUBLINGR IS Equity
Jubilant Pharmova Ltd.,Healthcare,JUBLPHARMA,EQ,INE700A01033,JUBLPHAR IS Equity
Jupiter Wagons Ltd.,Capital Goods,JWL,EQ,INE209L01016,JWL IS Equity
Jyothy Labs Ltd.,Fast Moving Consumer Goods,JYOTHYLAB,EQ,INE668F01031,JYL IS Equity
Jyoti CNC Automation Ltd.,Capital Goods,JYOTICNC,EQ,INE980O01024,JYOTICNC IS Equity
K.P.R. Mill Ltd.,Textiles,KPRMILL,EQ,INE930H01031,KPR IS Equity
KEI Industries Ltd.,Capital Goods,KEI,EQ,INE878B01027,KEII IS Equity
KPIT Technologies Ltd.,Information Technology,KPITTECH,EQ,INE04I401011,KPITTECH IS Equity
KSB Ltd.,Capital Goods,KSB,EQ,INE999A01023,KSB IS Equity
Kajaria Ceramics Ltd.,Consumer Durables,KAJARIACER,EQ,INE217B01036,KJC IS Equity
Kalpataru Projects International Ltd.,Construction,KPIL,EQ,INE220B01022,KPIL IS Equity
Kalyan Jewellers India Ltd.,Consumer Durables,KALYANKJIL,EQ,INE303R01014,KALYANKJ IS Equity
Karur Vysya Bank Ltd.,Financial Services,KARURVYSYA,EQ,INE036D01028,KVB IS Equity
Kaynes Technology India Ltd.,Capital Goods,KAYNES,EQ,INE918Z01012,KAYNES IS Equity
Kec International Ltd.,Construction,KEC,EQ,INE389H01022,KECI IS Equity
Kfin Technologies Ltd.,Financial Services,KFINTECH,EQ,INE138Y01010,KFINTECH IS Equity
Kirloskar Brothers Ltd.,Capital Goods,KIRLOSBROS,EQ,INE732A01036,KKB IS Equity
Kirloskar Oil Eng Ltd.,Capital Goods,KIRLOSENG,EQ,INE146L01010,KOEL IS Equity
Kotak Mahindra Bank Ltd.,Financial Services,KOTAKBANK,EQ,INE237A01028,KMB IS Equity
Krishna Institute of Medical Sciences Ltd.,Healthcare,KIMS,EQ,INE967H01025,KIMS IS Equity
L&T Finance Ltd.,Financial Services,LTF,EQ,INE498L01015,LTF IS Equity
L&T Technology Services Ltd.,Information Technology,LTTS,EQ,INE010V01017,LTTS IS Equity
LIC Housing Finance Ltd.,Financial Services,LICHSGFIN,EQ,INE115A01026,LICHF IS Equity
LT Foods Ltd.,Fast Moving Consumer Goods,LTFOODS,EQ,INE818H01020,LTFOODS IS Equity
LTIMindtree Ltd.,Information Technology,LTIM,EQ,INE214T01019,LTIM IS Equity
Larsen & Toubro Ltd.,Construction,LT,EQ,INE018A01030,LT IS Equity
Latent View Analytics Ltd.,Information Technology,LATENTVIEW,EQ,INE0I7C01011,LATENTVI IS Equity
Laurus Labs Ltd.,Healthcare,LAURUSLABS,EQ,INE947Q01028,LAURUS IS Equity
Lemon Tree Hotels Ltd.,Consumer Services,LEMONTREE,EQ,INE970X01018,LEMONTRE IS Equity
Life Insurance Corporation of India,Financial Services,LICI,EQ,INE0J1Y01017,LICI IS Equity
Linde India Ltd.,Chemicals,LINDEINDIA,EQ,INE473A01011,LIIL IS Equity
Lloyds Metals And Energy Ltd.,Metals & Mining,LLOYDSME,EQ,INE281B01032,LLOYDSME IS Equity
Lodha Developers Ltd.,Realty,LODHA,EQ,INE670K01029,LODHA IS Equity
Lupin Ltd.,Healthcare,LUPIN,EQ,INE326A01037,LPC IS Equity
MMTC Ltd.,Services,MMTC,EQ,INE123F01029,MMTC IS Equity
MRF Ltd.,Automobile and Auto Components,MRF,EQ,INE883A01011,MRF IS Equity
Mahanagar Gas Ltd.,Oil Gas & Consumable Fuels,MGL,EQ,INE002S01010,MAHGL IS Equity
Maharashtra Scooters Ltd.,Financial Services,MAHSCOOTER,EQ,INE288A01013,MHSC IS Equity
Maharashtra Seamless Ltd.,Capital Goods,MAHSEAMLES,EQ,INE271B01025,MHS IS Equity
Mahindra & Mahindra Financial Services Ltd.,Financial Services,M&MFIN,EQ,INE774D01024,MMFS IS Equity
Mahindra & Mahindra Ltd.,Automobile and Auto Components,M&M,EQ,INE101A01026,MM IS Equity
Manappuram Finance Ltd.,Financial Services,MANAPPURAM,EQ,INE522D01027,MGFL IS Equity
Mangalore Refinery & Petrochemicals Ltd.,Oil Gas & Consumable Fuels,MRPL,EQ,INE103A01014,MRPL IS Equity
Mankind Pharma Ltd.,Healthcare,MANKIND,EQ,INE634S01028,MANKIND IS Equity
Marico Ltd.,Fast Moving Consumer Goods,MARICO,EQ,INE196A01026,MRCO IS Equity
Maruti Suzuki India Ltd.,Automobile and Auto Components,MARUTI,EQ,INE585B01010,MSIL IS Equity
Max Financial Services Ltd.,Financial Services,MFSL,EQ,INE180A01020,MAXF IS Equity
Max Healthcare Institute Ltd.,Healthcare,MAXHEALTH,EQ,INE027H01010,MAXHEALT IS Equity
Mazagoan Dock Shipbuilders Ltd.,Capital Goods,MAZDOCK,EQ,INE249Z01020,MAZDOCKS IS Equity
Metropolis Healthcare Ltd.,Healthcare,METROPOLIS,EQ,INE112L01020,METROHL IS Equity
Minda Corporation Ltd.,Automobile and Auto Components,MINDACORP,EQ,INE842C01021,MDA IS Equity
Motherson Sumi Wiring India Ltd.,Automobile and Auto Components,MSUMI,EQ,INE0FS801015,MSUMI IS Equity
Motilal Oswal Financial Services Ltd.,Financial Services,MOTILALOFS,EQ,INE338I01027,MOFS IS Equity
MphasiS Ltd.,Information Technology,MPHASIS,EQ,INE356A01018,MPHL IS Equity
Multi Commodity Exchange of India Ltd.,Financial Services,MCX,EQ,INE745G01035,MCX IS Equity
Muthoot Finance Ltd.,Financial Services,MUTHOOTFIN,EQ,INE414G01012,MUTH IS Equity
NATCO Pharma Ltd.,Healthcare,NATCOPHARM,EQ,INE987B01026,NTCPH IS Equity
NBCC (India) Ltd.,Construction,NBCC,EQ,INE095N01031,NBCC IS Equity
NCC Ltd.,Construction,NCC,EQ,INE868B01028,NJCC IS Equity
NHPC Ltd.,Power,NHPC,EQ,INE848E01016,NHPC IS Equity
NLC India Ltd.,Power,NLCINDIA,EQ,INE589A01014,NLC IS Equity
NMDC Ltd.,Metals & Mining,NMDC,EQ,INE584A01023,NMDC IS Equity
NMDC Steel Ltd.,Metals & Mining,NSLNISP,EQ,INE0NNS01018,NSLNISP IS Equity
NTPC Green Energy Ltd.,Power,NTPCGREEN,EQ,INE0ONG01011,NTPCGREE IS Equity
NTPC Ltd.,Power,NTPC,EQ,INE733E01010,NTPC IS Equity
Narayana Hrudayalaya Ltd.,Healthcare,NH,EQ,INE410P01011,NARH IS Equity
National Aluminium Co. Ltd.,Metals & Mining,NATIONALUM,EQ,INE139A01034,NACL IS Equity
Nava Ltd.,Power,NAVA,EQ,INE725A01030,NAVA IS Equity
Navin Fluorine International Ltd.,Chemicals,NAVINFLUOR,EQ,INE048G01026,NFIL IS Equity
Nestle India Ltd.,Fast Moving Consumer Goods,NESTLEIND,EQ,INE239A01024,NEST IS Equity
Netweb Technologies India Ltd.,Information Technology,NETWEB,EQ,INE0NT901020,NETWEB IS Equity
Neuland Laboratories Ltd.,Healthcare,NEULANDLAB,EQ,INE794A01010,NLL IS Equity
Newgen Software Technologies Ltd.,Information Technology,NEWGEN,EQ,INE619B01017,NEWGEN IS Equity
Nippon Life India Asset Management Ltd.,Financial Services,NAM-INDIA,EQ,INE298J01013,NAM IS Equity
Niva Bupa Health Insurance Company Ltd.,Financial Services,NIVABUPA,EQ,INE995S01015,NIVABUPA IS Equity
Nuvama Wealth Management Ltd.,Financial Services,NUVAMA,EQ,INE531F01015,NUVAMA IS Equity
Nuvoco Vistas Corporation Ltd.,Construction Materials,NUVOCO,EQ,INE118D01016,NUVOCO IS Equity
Oberoi Realty Ltd.,Realty,OBEROIRLTY,EQ,INE093I01010,OBER IS Equity
Oil & Natural Gas Corporation Ltd.,Oil Gas & Consumable Fuels,ONGC,EQ,INE213A01029,ONGC IS Equity
Oil India Ltd.,Oil Gas & Consumable Fuels,OIL,EQ,INE274J01014,OINL IS Equity
Ola Electric Mobility Ltd.,Automobile and Auto Components,OLAELEC,BE,INE0LXG01040,OLAELEC IS Equity
Olectra Greentech Ltd.,Automobile and Auto Components,OLECTRA,EQ,INE260D01016,OLECTRA IS Equity
One 97 Communications Ltd.,Financial Services,PAYTM,EQ,INE982J01020,PAYTM IS Equity
Onesource Specialty Pharma Ltd.,Healthcare,ONESOURCE,EQ,INE013P01021,ONESOURC IS Equity
Oracle Financial Services Software Ltd.,Information Technology,OFSS,EQ,INE881D01027,OFSS IS Equity
PB Fintech Ltd.,Financial Services,POLICYBZR,EQ,INE417T01026,POLICYBZ IS Equity
PCBL Chemical Ltd.,Chemicals,PCBL,EQ,INE602A01031,PCBL IS Equity
PG Electroplast Ltd.,Consumer Durables,PGEL,EQ,INE457L01029,PGEL IS Equity
PI Industries Ltd.,Chemicals,PIIND,EQ,INE603J01030,PI IS Equity
PNB Housing Finance Ltd.,Financial Services,PNBHOUSING,EQ,INE572E01012,PNBHOUSI IS Equity
PTC Industries Ltd.,Capital Goods,PTCIL,EQ,INE596F01018,PTCIL IS Equity
PVR INOX Ltd.,Media Entertainment & Publication,PVRINOX,EQ,INE191H01014,PVRINOX IS Equity
Page Industries Ltd.,Textiles,PAGEIND,EQ,INE761H01022,PAG IS Equity
Patanjali Foods Ltd.,Fast Moving Consumer Goods,PATANJALI,EQ,INE619A01035,PATANJAL IS Equity
Persistent Systems Ltd.,Information Technology,PERSISTENT,EQ,INE262H01021,PSYS IS Equity
Petronet LNG Ltd.,Oil Gas & Consumable Fuels,PETRONET,EQ,INE347G01014,PLNG IS Equity
Pfizer Ltd.,Healthcare,PFIZER,EQ,INE182A01018,PFIZ IS Equity
Phoenix Mills Ltd.,Realty,PHOENIXLTD,EQ,INE211B01039,PHNX IS Equity
Pidilite Industries Ltd.,Chemicals,PIDILITIND,EQ,INE318A01026,PIDI IS Equity
Piramal Pharma Ltd.,Healthcare,PPLPHARMA,EQ,INE0DK501011,PIRPHARM IS Equity
Poly Medicure Ltd.,Healthcare,POLYMED,EQ,INE205C01021,PLM IS Equity
Polycab India Ltd.,Capital Goods,POLYCAB,EQ,INE455K01017,POLYCAB IS Equity
Poonawalla Fincorp Ltd.,Financial Services,POONAWALLA,EQ,INE511C01022,POONAWAL IS Equity
Power Finance Corporation Ltd.,Financial Services,PFC,EQ,INE134E01011,POWF IS Equity
Power Grid Corporation of India Ltd.,Power,POWERGRID,EQ,INE752E01010,PWGR IS Equity
Praj Industries Ltd.,Capital Goods,PRAJIND,EQ,INE074A01025,PRJ IS Equity
Premier Energies Ltd.,Capital Goods,PREMIERENE,EQ,INE0BS701011,PREMIERE IS Equity
Prestige Estates Projects Ltd.,Realty,PRESTIGE,EQ,INE811K01011,PEPL IS Equity
Procter & Gamble Hygiene & Health Care Ltd.,Fast Moving Consumer Goods,PGHH,EQ,INE179A01014,PG IS Equity
Punjab National Bank,Financial Services,PNB,EQ,INE160A01022,PNB IS Equity
R R Kabel Ltd.,Capital Goods,RRKABEL,EQ,INE777K01022,RRKABEL IS Equity
RBL Bank Ltd.,Financial Services,RBLBANK,EQ,INE976G01028,RBK IS Equity
REC Ltd.,Financial Services,RECLTD,EQ,INE020B01018,RECL IS Equity
RHI MAGNESITA INDIA LTD.,Capital Goods,RHIM,EQ,INE743M01012,RHIM IS Equity
RITES Ltd.,Construction,RITES,EQ,INE320J01015,RITE IS Equity
Radico Khaitan Ltd,Fast Moving Consumer Goods,RADICO,EQ,INE944F01028,RDCK IS Equity
Rail Vikas Nigam Ltd.,Construction,RVNL,EQ,INE415G01027,RVNL IS Equity
Railtel Corporation Of India Ltd.,Telecommunication,RAILTEL,EQ,INE0DD101019,RAILTEL IS Equity
Rainbow Childrens Medicare Ltd.,Healthcare,RAINBOW,EQ,INE961O01016,RAINBOW IS Equity
Ramkrishna Forgings Ltd.,Automobile and Auto Components,RKFORGE,EQ,INE399G01023,RMKF IS Equity
Rashtriya Chemicals & Fertilizers Ltd.,Chemicals,RCF,EQ,INE027A01015,RCF IS Equity
Redington Ltd.,Services,REDINGTON,EQ,INE891D01026,REDI IS Equity
Reliance Industries Ltd.,Oil Gas & Consumable Fuels,RELIANCE,EQ,INE002A01018,RELIANCE IS Equity
Reliance Infrastructure Ltd.,Power,RELINFRA,BE,INE036A01016,RELI IS Equity
Reliance Power Ltd.,Power,RPOWER,EQ,INE614G01033,RPWR IS Equity
SBFC Finance Ltd.,Financial Services,SBFC,EQ,INE423Y01016,SBFC IS Equity
SBI Cards and Payment Services Ltd.,Financial Services,SBICARD,EQ,INE018E01016,SBICARD IS Equity
SBI Life Insurance Company Ltd.,Financial Services,SBILIFE,EQ,INE123W01016,SBILIFE IS Equity
SJVN Ltd.,Power,SJVN,EQ,INE002L01015,SJVN IS Equity
SKF India Ltd.,Capital Goods,SKFINDIA,EQ,INE640A01023,SKF IS Equity
SRF Ltd.,Chemicals,SRF,EQ,INE647A01010,SRF IS Equity
Sagility Ltd.,Information Technology,SAGILITY,EQ,INE0W2G01015,SAGILITY IS Equity
Sai Life Sciences Ltd.,Healthcare,SAILIFE,EQ,INE570L01029,SAILIFE IS Equity
Sammaan Capital Ltd.,Financial Services,SAMMAANCAP,EQ,INE148I01020,SAMMAANC IS Equity
Samvardhana Motherson International Ltd.,Automobile and Auto Components,MOTHERSON,EQ,INE775A01035,MOTHERSO IS Equity
Sapphire Foods India Ltd.,Consumer Services,SAPPHIRE,EQ,INE806T01020,SAPPHIRE IS Equity
Sarda Energy and Minerals Ltd.,Metals & Mining,SARDAEN,EQ,INE385C01021,SEML IS Equity
Saregama India Ltd,Media Entertainment & Publication,SAREGAMA,EQ,INE979A01025,SARE IS Equity
Schaeffler India Ltd.,Automobile and Auto Components,SCHAEFFLER,EQ,INE513A01022,SCHFL IS Equity
Schloss Bangalore Ltd.,Consumer Services,THELEELA,EQ,INE0AQ201015,THELEELA IS Equity
Schneider Electric Infrastructure Ltd.,Capital Goods,SCHNEIDER,EQ,INE839M01018,SCHN IS Equity
Shipping Corporation of India Ltd.,Services,SCI,EQ,INE109A01011,SCI IS Equity
Shree Cement Ltd.,Construction Materials,SHREECEM,EQ,INE070A01015,SRCM IS Equity
Shriram Finance Ltd.,Financial Services,SHRIRAMFIN,EQ,INE721A01047,SHFL IS Equity
Shyam Metalics and Energy Ltd.,Capital Goods,SHYAMMETL,EQ,INE810G01011,SHYAMMET IS Equity
Siemens Energy India Ltd.,Capital Goods,ENRIN,EQ,INE1NPP01017,ENRIN IS Equity
Siemens Ltd.,Capital Goods,SIEMENS,EQ,INE003A01024,SIEM IS Equity
Signatureglobal (India) Ltd.,Realty,SIGNATURE,EQ,INE903U01023,SIGNATUR IS Equity
Sobha Ltd.,Realty,SOBHA,EQ,INE671H01015,SOBHA IS Equity
Solar Industries India Ltd.,Chemicals,SOLARINDS,EQ,INE343H01029,SOIL IS Equity
Sona BLW Precision Forgings Ltd.,Automobile and Auto Components,SONACOMS,EQ,INE073K01018,SONACOMS IS Equity
Sonata Software Ltd.,Information Technology,SONATSOFTW,EQ,INE269A01021,SSOF IS Equity
Star Health and Allied Insurance Company Ltd.,Financial Services,STARHEALTH,EQ,INE575P01011,STARHEAL IS Equity
State Bank of India,Financial Services,SBIN,EQ,INE062A01020,SBIN IS Equity
Steel Authority of India Ltd.,Metals & Mining,SAIL,EQ,INE114A01011,SAIL IS Equity
Sumitomo Chemical India Ltd.,Chemicals,SUMICHEM,EQ,INE258G01013,SUMICHEM IS Equity
Sun Pharmaceutical Industries Ltd.,Healthcare,SUNPHARMA,EQ,INE044A01036,SUNP IS Equity
Sun TV Network Ltd.,Media Entertainment & Publication,SUNTV,EQ,INE424H01027,SUNTV IS Equity
Sundaram Finance Ltd.,Financial Services,SUNDARMFIN,EQ,INE660A01013,SUF IS Equity
Sundram Fasteners Ltd.,Automobile and Auto Components,SUNDRMFAST,EQ,INE387A01021,SF IS Equity
Supreme Industries Ltd.,Capital Goods,SUPREMEIND,EQ,INE195A01028,SI IS Equity
Suzlon Energy Ltd.,Capital Goods,SUZLON,EQ,INE040H01021,SUEL IS Equity
Swan Corp Ltd.,Chemicals,SWANCORP,EQ,INE665A01038,SWANCORP IS Equity
Swiggy Ltd.,Consumer Services,SWIGGY,EQ,INE00H001014,SWIGGY IS Equity
Syngene International Ltd.,Healthcare,SYNGENE,EQ,INE398R01022,SYNG IS Equity
Syrma SGS Technology Ltd.,Capital Goods,SYRMA,EQ,INE0DYJ01015,SYRMA IS Equity
TBO Tek Ltd.,Consumer Services,TBOTEK,EQ,INE673O01025,TBOTEK IS Equity
TVS Motor Company Ltd.,Automobile and Auto Components,TVSMOTOR,EQ,INE494B01023,TVSL IS Equity
Tata Chemicals Ltd.,Chemicals,TATACHEM,EQ,INE092A01019,TTCH IS Equity
Tata Communications Ltd.,Telecommunication,TATACOMM,EQ,INE151A01013,TCOM IS Equity
Tata Consultancy Services Ltd.,Information Technology,TCS,EQ,INE467B01029,TCS IS Equity
Tata Consumer Products Ltd.,Fast Moving Consumer Goods,TATACONSUM,EQ,INE192A01025,TATACONS IS Equity
Tata Elxsi Ltd.,Information Technology,TATAELXSI,EQ,INE670A01012,TELX IS Equity
Tata Investment Corporation Ltd.,Financial Services,TATAINVEST,EQ,INE672A01018,TATAINVE IS Equity
Tata Motors Ltd.,Automobile and Auto Components,TATAMOTORS,EQ,INE155A01022,TTMT IS Equity
Tata Power Co. Ltd.,Power,TATAPOWER,EQ,INE245A01021,TPWR IS Equity
Tata Steel Ltd.,Metals & Mining,TATASTEEL,EQ,INE081A01020,TATA IS Equity
Tata Technologies Ltd.,Information Technology,TATATECH,EQ,INE142M01025,TATATECH IS Equity
Tata Teleservices (Maharashtra) Ltd.,Telecommunication,TTML,EQ,INE517B01013,TTLS IS Equity
Tech Mahindra Ltd.,Information Technology,TECHM,EQ,INE669C01036,TECHM IS Equity
Techno Electric & Engineering Company Ltd.,Construction,TECHNOE,EQ,INE285K01026,TECHNOE IS Equity
Tejas Networks Ltd.,Telecommunication,TEJASNET,EQ,INE010J01012,TEJASNET IS Equity
The New India Assurance Company Ltd.,Financial Services,NIACL,EQ,INE470Y01017,NIACL IS Equity
The Ramco Cements Ltd.,Construction Materials,RAMCOCEM,EQ,INE331A01037,TRCL IS Equity
Thermax Ltd.,Capital Goods,THERMAX,EQ,INE152A01029,TMX IS Equity
Timken India Ltd.,Capital Goods,TIMKEN,EQ,INE325A01013,TMKN IS Equity
Titagarh Rail Systems Ltd.,Capital Goods,TITAGARH,EQ,INE615H01020,TITAGARH IS Equity
Titan Company Ltd.,Consumer Durables,TITAN,EQ,INE280A01028,TTAN IS Equity
Torrent Pharmaceuticals Ltd.,Healthcare,TORNTPHARM,EQ,INE685A01028,TRP IS Equity
Torrent Power Ltd.,Power,TORNTPOWER,EQ,INE813H01021,TPW IS Equity
Transformers And Rectifiers (India) Ltd.,Capital Goods,TARIL,EQ,INE763I01026,TARIL IS Equity
Trent Ltd.,Consumer Services,TRENT,EQ,INE849A01020,TRENT IS Equity
Trident Ltd.,Textiles,TRIDENT,EQ,INE064C01022,TRID IS Equity
Triveni Engineering & Industries Ltd.,Fast Moving Consumer Goods,TRIVENI,EQ,INE256C01024,TRE IS Equity
Triveni Turbine Ltd.,Capital Goods,TRITURBINE,EQ,INE152M01016,TRIV IS Equity
Tube Investments of India Ltd.,Automobile and Auto Components,TIINDIA,EQ,INE974X01010,TIINDIA IS Equity
UCO Bank,Financial Services,UCOBANK,EQ,INE691A01018,UCO IS Equity
UNO Minda Ltd.,Automobile and Auto Components,UNOMINDA,EQ,INE405E01023,UNOMINDA IS Equity
UPL Ltd.,Chemicals,UPL,EQ,INE628A01036,UPLL IS Equity
UTI Asset Management Company Ltd.,Financial Services,UTIAMC,EQ,INE094J01016,UTIAM IS Equity
UltraTech Cement Ltd.,Construction Materials,ULTRACEMCO,EQ,INE481G01011,UTCEM IS Equity
Union Bank of India,Financial Services,UNIONBANK,EQ,INE692A01016,UNBK IS Equity
United Breweries Ltd.,Fast Moving Consumer Goods,UBL,EQ,INE686F01025,UBBL IS Equity
United Spirits Ltd.,Fast Moving Consumer Goods,UNITDSPR,EQ,INE854D01024,UNITDSPR IS Equity
Usha Martin Ltd.,Capital Goods,USHAMART,EQ,INE228A01035,USM IS Equity
V-Guard Industries Ltd.,Consumer Durables,VGUARD,EQ,INE951I01027,VGRD IS Equity
Valor Estate Ltd.,Consumer Services,DBREALTY,EQ,INE879I01012,DBREALTY IS Equity
Vardhman Textiles Ltd.,Textiles,VTL,EQ,INE825A01020,VTEX IS Equity
Varun Beverages Ltd.,Fast Moving Consumer Goods,VBL,EQ,INE200M01039,VBL IS Equity
Vedant Fashions Ltd.,Consumer Services,MANYAVAR,EQ,INE825V01034,MANYAVAR IS Equity
Vedanta Ltd.,Metals & Mining,VEDL,EQ,INE205A01025,VEDL IS Equity
Ventive Hospitality Ltd.,Consumer Services,VENTIVE,EQ,INE781S01027,VENTIVE IS Equity
Vijaya Diagnostic Centre Ltd.,Healthcare,VIJAYA,EQ,INE043W01024,VIJAYA IS Equity
Vishal Mega Mart Ltd.,Consumer Services,VMM,EQ,INE01EA01019,VMM IS Equity
Vodafone Idea Ltd.,Telecommunication,IDEA,EQ,INE669E01016,IDEA IS Equity
Voltas Ltd.,Consumer Durables,VOLTAS,EQ,INE226A01021,VOLT IS Equity
Waaree Energies Ltd.,Capital Goods,WAAREEENER,EQ,INE377N01017,WAAREEEN IS Equity
Welspun Corp Ltd.,Capital Goods,WELCORP,EQ,INE191B01025,WLCO IS Equity
Welspun Living Ltd.,Textiles,WELSPUNLIV,EQ,INE192B01031,WELSPUNL IS Equity
Whirlpool of India Ltd.,Consumer Durables,WHIRLPOOL,EQ,INE716A01013,WHIRL IS Equity
Wipro Ltd.,Information Technology,WIPRO,EQ,INE075A01022,WPRO IS Equity
Wockhardt Ltd.,Healthcare,WOCKPHARMA,EQ,INE049B01025,WPL IS Equity
Yes Bank Ltd.,Financial Services,YESBANK,EQ,INE528G01035,YES IS Equity
ZF Commercial Vehicle Control Systems India Ltd.,Automobile and Auto Components,ZFCVINDIA,EQ,INE342J01019,ZCVCS IS Equity
Zee Entertainment Enterprises Ltd.,Media Entertainment & Publication,ZEEL,EQ,INE256A01028,Z IS Equity
Zen Technologies Ltd.,Capital Goods,ZENTEC,EQ,INE251B01027,ZEN IS Equity
Zensar Technolgies Ltd.,Information Technology,ZENSARTECH,EQ,INE520A01027,ZENT IS Equity
Zydus Lifesciences Ltd.,Healthcare,ZYDUSLIFE,EQ,INE010B01027,ZYDUSLIF IS Equity
eClerx Services Ltd.,Services,ECLERX,EQ,INE738I01010,ECLX IS Equity
